alpha,xi,sigma,lambda_tilde,lambda_phys,delta,status
0.1,0.0,1,0.999987,3.141553,4.1e-05,PASS
0.5,0.0,2,0.999988,3.141554,4e-05,PASS
1.0,0.001,3,0.999986,3.14155,4.4e-05,PASS
