alpha,xi,sigma,lambda_tilde,lambda_phys,delta,status
0.1,0.0,1,0.999921,3.14132,0.000274,PASS
0.5,0.0,2,0.999922,3.141324,0.00027,PASS
1.0,0.001,3,0.999923,3.141326,0.000268,PASS
